010-9865-3201,Fay,fringilla.mi.lacinia@sem.com,,,,,
011-2258-0902,Melyssa,enim@Suspendisse.net,,,,,
010-3265-9803,Kessie,faucibus.orci@dictumplacerataugue.co.uk,,,,,
010-6547-8904,Felicia,quam.Pellentesque.habitant@orci.net,,,,,
010-9865-3205,Clio,turpis.non@milaciniamattis.co.uk,,,,,
010-2154-8706,Blake,ultricies.ornare.elit@sit.net,,,,,
010-8754-2107,Cameran,a.aliquet@turpisNullaaliquet.net,,,,,
010-5487-2108,Carson,ipsum.dolor@porttitorvulputate.org,,,,,
010-9887-6509,Beck,sem@auctorquistristique.org,,,,,
010-6521-9810,Aline,nascetur@fringillami.com,,,,,
010-9887-5411,Theodore,nunc@nuncInat.org,,,,,
010-9512-6512,Kyla,mauris@maurisaliquameu.net,,,,,
010-9874-5613,Madeson,non.quam@sem.ca,,,,,
010-9874-2514,Imani,interdum.Sed.auctor@lorem.co.uk,,,,,
010-9527-8615,Aretha,enim.Etiam@non.com,,,,,
010-9528-7416,Hilel,neque.sed.dictum@molestiedapibusligula.co.uk,,,,,
010-9852-3617,Melissa,In.mi.pede@Donecluctus.ca,,,,,
010-9523-6518,Xavier,fames@magna.edu,,,,,
010-9952-2519,Hamilton,lacinia.mattis@Vestibulumante.ca,,,,,
010-9587-2120,Giacomo,vitae.mauris.sit@vel.ca,,,,,
010-2365-1421,Alexa,turpis.Aliquam.adipiscing@elitdictum.edu,,,,,
010-3201-4522,Adele,placerat.augue.Sed@noncursus.net,,,,,
010-9520-0123,Allistair,mollis.Integer@intempus.ca,,,,,
010-9523-0124,Andrew,sit@Uttinciduntorci.net,,,,,
010-9551-3225,Gwendolyn,ornare.egestas@interdumSed.co.uk,,,,,
010-8754-3226,Emi,faucibus@Nunc.org,,,,,
010-8754-2127,Zeph,fermentum@elit.org,,,,,
010-9865-3228,Daria,Phasellus@nulla.com,,,,,
010-9854-2129,Xerxes,cubilia.Curae.Phasellus@orci.ca,,,,,
010-8525-3630,Kane,lorem@faucibus.ca,,,,,
010-3380-9031,최승우,csw980928@xpressengine.com,,,,,
010-2365-9832,둘리,dully@naver.com,,,,,
010-9562-8433,또치,ddochi23@google.com,,,,,
010-5195-6234,희동이,huidong412@daum.net,,,,,
010-6532-9835,길동이,imgil@nexon.com,,,,,
010-8754-3236,기영이,giyoung@kakao.com,,,,,
